error_type,occurrence_count,unique_users
Missing or insufficient permissions.,154,71
e.unlockedNodes is not iterable,73,9
[firestore/permission-denied] The caller does not have permission to execute the specified operation.,47,13
[Run.game SDK] Profile not available. You must await RundotGameAPI.initializeAsync() before calling getProfile(). INIT_SDK has not completed.,39,11
RPC call H5_APP_STORAGE_SET_ITEM timed out after 30001ms,20,16
RPC call H5_APP_STORAGE_SET_ITEM timed out after 30000ms,15,14
Rate limit exceeded,14,13
Invalid leaderboard submission,13,12
Cannot read properties of undefined (reading 'includes'),11,6
RPC call H5_APP_STORAGE_SET_ITEM timed out after 30002ms,10,7
RPC call H5_APP_STORAGE_SET_ITEM timed out after 30003ms,4,3
RPC call H5_APP_STORAGE_SET_ITEM timed out after 30006ms,4,3
Script error.,4,4
Network Error,4,4
[firestore/unavailable] The service is currently unavailable. This is a most likely a transient condition and may be corrected by retrying with a backoff.,3,1
"Unexpected token 's', \",3,1
RPC call H5_APP_STORAGE_SET_ITEM timed out after 30004ms,3,3
RPC call H5_LOG_ANALYTICS_EVENT timed out after 30001ms,2,2
RPC call H5_APP_STORAGE_SET_ITEM timed out after 30007ms,2,2
RPC call H5_APP_STORAGE_SET_ITEM timed out after 30043ms,2,2
RPC call H5_APP_STORAGE_SET_ITEM timed out after 30491ms,2,2
RPC call H5_APP_STORAGE_SET_ITEM timed out after 29999ms,2,2
RPC call H5_APP_STORAGE_SET_ITEM timed out after 30008ms,2,2
RPC call H5_DEBUG timed out after 30001ms,2,2
RPC call H5_APP_STORAGE_SET_ITEM timed out after 30088ms,2,2
RPC call H5_APP_STORAGE_SET_ITEM timed out after 30016ms,2,2
RPC call H5_APP_STORAGE_SET_ITEM timed out after 30005ms,2,2
RPC call H5_DEBUG timed out after 30000ms,2,2
RPC call H5_APP_STORAGE_SET_ITEM timed out after 30025ms,2,2
RPC call H5_APP_STORAGE_SET_ITEM timed out after 30099ms,1,1
RPC call H5_LOG_ANALYTICS_EVENT timed out after 4584401ms,1,1
RPC call H5_APP_STORAGE_SET_ITEM timed out after 164643ms,1,1
RPC call H5_APP_STORAGE_SET_ITEM timed out after 30873ms,1,1
RPC call H5_APP_STORAGE_SET_ITEM timed out after 30074ms,1,1
RPC call H5_APP_STORAGE_SET_ITEM timed out after 338502ms,1,1
RPC call H5_APP_STORAGE_SET_ITEM timed out after 234645ms,1,1
RPC call H5_DEBUG timed out after 156446ms,1,1
RPC call H5_APP_STORAGE_SET_ITEM timed out after 30897ms,1,1
RPC call H5_APP_STORAGE_SET_ITEM timed out after 218387ms,1,1
RPC call H5_DEBUG timed out after 4584416ms,1,1
RPC call H5_APP_STORAGE_SET_ITEM timed out after 30874ms,1,1
RPC call H5_DEBUG timed out after 4584397ms,1,1
RPC call H5_APP_STORAGE_SET_ITEM timed out after 30201ms,1,1
undefined is not an object (evaluating 'e.unlockedNodes.includes'),1,1
RPC call H5_LOG_ANALYTICS_EVENT timed out after 4584412ms,1,1
RPC call H5_APP_STORAGE_SET_ITEM timed out after 30459ms,1,1
RPC call H5_LOG_ANALYTICS_EVENT timed out after 74280ms,1,1
RPC call H5_APP_STORAGE_SET_ITEM timed out after 82455ms,1,1
RPC call H5_DEBUG timed out after 4584411ms,1,1
RPC call H5_DEBUG timed out after 156448ms,1,1
RPC call H5_APP_STORAGE_SET_ITEM timed out after 30086ms,1,1
RPC call H5_APP_STORAGE_SET_ITEM timed out after 74102ms,1,1
RPC call H5_LOG_ANALYTICS_EVENT timed out after 30006ms,1,1
RPC call H5_DEBUG timed out after 30998ms,1,1
Failed to fetch,1,1
RPC call H5_LOG_ANALYTICS_EVENT timed out after 30008ms,1,1
RPC call H5_APP_STORAGE_SET_ITEM timed out after 34673ms,1,1
RPC call H5_APP_STORAGE_SET_ITEM timed out after 52775ms,1,1
RPC call H5_LOG_ANALYTICS_EVENT timed out after 35216ms,1,1
RPC call H5_APP_STORAGE_SET_ITEM timed out after 160798ms,1,1
RPC call H5_APP_STORAGE_SET_ITEM timed out after 150506ms,1,1
RPC call H5_APP_STORAGE_SET_ITEM timed out after 149491ms,1,1
RPC call H5_APP_STORAGE_SET_ITEM timed out after 30799ms,1,1
RPC call H5_APP_STORAGE_SET_ITEM timed out after 760084ms,1,1
RPC call H5_APP_STORAGE_SET_ITEM timed out after 30947ms,1,1
RPC call H5_APP_STORAGE_SET_ITEM timed out after 30951ms,1,1
RPC call H5_APP_STORAGE_SET_ITEM timed out after 159213ms,1,1
RPC call H5_DEBUG timed out after 74280ms,1,1
RPC call H5_APP_STORAGE_GET_ITEM timed out after 30378ms,1,1
RPC call H5_DEBUG timed out after 30996ms,1,1
RPC call H5_APP_STORAGE_SET_ITEM timed out after 30895ms,1,1
RPC call H5_APP_STORAGE_SET_ITEM timed out after 338559ms,1,1
RPC call H5_APP_STORAGE_SET_ITEM timed out after 44487ms,1,1
RPC call H5_APP_STORAGE_SET_ITEM timed out after 94549ms,1,1
RPC call H5_LEADERBOARD_CREATE_SCORE_TOKEN timed out after 66200ms,1,1
RPC call H5_LOG_ANALYTICS_EVENT timed out after 4584396ms,1,1
RPC call H5_APP_STORAGE_SET_ITEM timed out after 30353ms,1,1
RPC call H5_DEBUG timed out after 4584409ms,1,1
RPC call H5_LOG_ANALYTICS_EVENT timed out after 4584407ms,1,1
RPC call H5_APP_STORAGE_SET_ITEM timed out after 464489ms,1,1
RPC call H5_DEBUG timed out after 48817ms,1,1
RPC call H5_APP_STORAGE_SET_ITEM timed out after 11917742ms,1,1
RPC call H5_APP_STORAGE_SET_ITEM timed out after 30451ms,1,1
RPC call H5_APP_STORAGE_SET_ITEM timed out after 155254ms,1,1
RPC call H5_APP_STORAGE_SET_ITEM timed out after 153961ms,1,1
RPC call H5_DEBUG timed out after 35216ms,1,1
RPC call H5_DEBUG timed out after 48818ms,1,1
RPC call H5_APP_STORAGE_SET_ITEM timed out after 31322ms,1,1
RPC call H5_LOG_ANALYTICS_EVENT timed out after 30002ms,1,1
RPC call H5_APP_STORAGE_SET_ITEM timed out after 30260ms,1,1
RPC call H5_LOG_ANALYTICS_EVENT timed out after 156445ms,1,1
RPC call H5_LOG_ANALYTICS_EVENT timed out after 156450ms,1,1
RPC call H5_APP_STORAGE_SET_ITEM timed out after 168615ms,1,1
RPC call H5_LOG_ANALYTICS_EVENT timed out after 30003ms,1,1
RPC call H5_APP_STORAGE_SET_ITEM timed out after 343727ms,1,1
RPC call H5_APP_STORAGE_SET_ITEM timed out after 182617ms,1,1
RPC call H5_APP_STORAGE_SET_ITEM timed out after 321207ms,1,1
RPC call H5_APP_STORAGE_SET_ITEM timed out after 30076ms,1,1
RPC call H5_APP_STORAGE_SET_ITEM timed out after 30548ms,1,1
RPC call H5_APP_STORAGE_SET_ITEM timed out after 30012ms,1,1
RPC call H5_LOG_ANALYTICS_EVENT timed out after 98592ms,1,1
RPC call H5_APP_STORAGE_SET_ITEM timed out after 30686ms,1,1
RPC call H5_APP_STORAGE_SET_ITEM timed out after 34859ms,1,1
RPC call H5_APP_STORAGE_SET_ITEM timed out after 150507ms,1,1
RPC call H5_APP_STORAGE_SET_ITEM timed out after 161781ms,1,1
RPC call H5_APP_STORAGE_SET_ITEM timed out after 1724845ms,1,1
RPC call H5_APP_STORAGE_SET_ITEM timed out after 48909ms,1,1
RPC call H5_APP_STORAGE_SET_ITEM timed out after 94322ms,1,1
RPC call H5_LOG_ANALYTICS_EVENT timed out after 156451ms,1,1
RPC call H5_DEBUG timed out after 156442ms,1,1
RPC call H5_APP_STORAGE_SET_ITEM timed out after 30867ms,1,1
RPC call H5_APP_STORAGE_SET_ITEM timed out after 30609ms,1,1
RPC call H5_DEBUG timed out after 30006ms,1,1
RPC call H5_APP_STORAGE_SET_ITEM timed out after 30273ms,1,1
RPC call H5_APP_STORAGE_SET_ITEM timed out after 431179ms,1,1
RPC call H5_APP_STORAGE_SET_ITEM timed out after 30988ms,1,1
RPC call H5_APP_STORAGE_SET_ITEM timed out after 30433ms,1,1
RPC call H5_APP_STORAGE_SET_ITEM timed out after 30325ms,1,1
RPC call H5_DEBUG timed out after 30008ms,1,1
RPC call H5_APP_STORAGE_SET_ITEM timed out after 30253ms,1,1
RPC call H5_DEBUG timed out after 4584401ms,1,1
RPC call H5_APP_STORAGE_SET_ITEM timed out after 30072ms,1,1
RPC call H5_APP_STORAGE_SET_ITEM timed out after 95016ms,1,1
RPC call H5_APP_STORAGE_GET_ITEM timed out after 30000ms,1,1
RPC call H5_APP_STORAGE_SET_ITEM timed out after 30399ms,1,1
RPC call H5_APP_STORAGE_SET_ITEM timed out after 156525ms,1,1
RPC call H5_APP_STORAGE_SET_ITEM timed out after 166825ms,1,1
RPC call H5_APP_STORAGE_SET_ITEM timed out after 98408ms,1,1
RPC call H5_APP_STORAGE_SET_ITEM timed out after 30085ms,1,1
RPC call H5_LOG_ANALYTICS_EVENT timed out after 183474ms,1,1
RPC call H5_LOG_ANALYTICS_EVENT timed out after 30009ms,1,1
RPC call H5_DEBUG timed out after 30002ms,1,1
RPC call H5_APP_STORAGE_SET_ITEM timed out after 338501ms,1,1
RPC call H5_DEBUG timed out after 155236ms,1,1
RPC call H5_APP_STORAGE_SET_ITEM timed out after 149073ms,1,1
RPC call H5_LEADERBOARD_CREATE_SCORE_TOKEN timed out after 30001ms,1,1
undefined is not an object (evaluating 'e.unlockedNodes'),1,1
RPC call H5_APP_STORAGE_SET_ITEM timed out after 30767ms,1,1
RPC call H5_APP_STORAGE_SET_ITEM timed out after 151090ms,1,1
RPC call H5_APP_STORAGE_SET_ITEM timed out after 179092ms,1,1
RPC call H5_APP_STORAGE_SET_ITEM timed out after 168916ms,1,1
RPC call H5_APP_STORAGE_SET_ITEM timed out after 437683ms,1,1
RPC call H5_APP_STORAGE_SET_ITEM timed out after 30052ms,1,1
RPC call H5_LOG_ANALYTICS_EVENT timed out after 156447ms,1,1
RPC call H5_APP_STORAGE_SET_ITEM timed out after 30015ms,1,1
RPC call H5_APP_STORAGE_SET_ITEM timed out after 30802ms,1,1
RPC call H5_APP_STORAGE_SET_ITEM timed out after 94655ms,1,1
RPC call H5_DEBUG timed out after 98591ms,1,1
RPC call H5_APP_STORAGE_SET_ITEM timed out after 42794ms,1,1
RPC call H5_APP_STORAGE_SET_ITEM timed out after 30271ms,1,1
RPC call H5_APP_STORAGE_SET_ITEM timed out after 30775ms,1,1
RPC call H5_DEBUG timed out after 53087ms,1,1
RPC call H5_APP_STORAGE_SET_ITEM timed out after 30211ms,1,1
RPC call H5_APP_STORAGE_SET_ITEM timed out after 30171ms,1,1
RPC call H5_APP_STORAGE_SET_ITEM timed out after 30643ms,1,1
RPC call H5_LOG_ANALYTICS_EVENT timed out after 4584408ms,1,1
RPC call H5_APP_STORAGE_GET_ITEM timed out after 157967ms,1,1
RPC call H5_APP_STORAGE_SET_ITEM timed out after 30706ms,1,1
RPC call H5_APP_STORAGE_SET_ITEM timed out after 30671ms,1,1
RPC call H5_DEBUG timed out after 155240ms,1,1
RPC call H5_APP_STORAGE_SET_ITEM timed out after 10869188ms,1,1
RPC call H5_APP_STORAGE_SET_ITEM timed out after 30795ms,1,1
RPC call H5_APP_STORAGE_SET_ITEM timed out after 263792ms,1,1
RPC call H5_APP_STORAGE_GET_ITEM timed out after 30100ms,1,1
RPC call H5_APP_STORAGE_SET_ITEM timed out after 104958ms,1,1
RPC call H5_APP_STORAGE_SET_ITEM timed out after 30300ms,1,1
RPC call H5_APP_STORAGE_SET_ITEM timed out after 242909ms,1,1
RPC call H5_APP_STORAGE_SET_ITEM timed out after 87661ms,1,1
RPC call H5_APP_STORAGE_SET_ITEM timed out after 171335ms,1,1
RPC call H5_APP_STORAGE_SET_ITEM timed out after 170296ms,1,1
RPC call H5_DEBUG timed out after 30379ms,1,1
RPC call H5_LOG_ANALYTICS_EVENT timed out after 53088ms,1,1
RPC call H5_LOG_ANALYTICS_EVENT timed out after 31001ms,1,1
RPC call H5_APP_STORAGE_SET_ITEM timed out after 30237ms,1,1
RPC call H5_APP_STORAGE_SET_ITEM timed out after 30096ms,1,1
RPC call H5_APP_STORAGE_SET_ITEM timed out after 30359ms,1,1
RPC call H5_LOG_ANALYTICS_EVENT timed out after 30999ms,1,1
RPC call H5_DEBUG timed out after 48816ms,1,1
RPC call H5_APP_STORAGE_SET_ITEM timed out after 184764ms,1,1
RPC call H5_APP_STORAGE_SET_ITEM timed out after 30056ms,1,1
RPC call H5_LOG_ANALYTICS_EVENT timed out after 87829ms,1,1
RPC call H5_APP_STORAGE_SET_ITEM timed out after 37167ms,1,1
RPC call H5_DEBUG timed out after 4584406ms,1,1
RPC call H5_LOG_ANALYTICS_EVENT timed out after 156448ms,1,1
RPC call H5_APP_STORAGE_SET_ITEM timed out after 30452ms,1,1
RPC call H5_APP_STORAGE_SET_ITEM timed out after 30031ms,1,1
RPC call H5_APP_STORAGE_SET_ITEM timed out after 30389ms,1,1
RPC call H5_LOG_ANALYTICS_EVENT timed out after 155240ms,1,1
RPC call H5_DEBUG timed out after 35220ms,1,1
RPC call H5_LOG_ANALYTICS_EVENT timed out after 48817ms,1,1
RPC call H5_LOG_ANALYTICS_EVENT timed out after 4584415ms,1,1
RPC call H5_APP_STORAGE_SET_ITEM timed out after 30098ms,1,1
RPC call H5_APP_STORAGE_SET_ITEM timed out after 113155ms,1,1
RPC call H5_DEBUG timed out after 30003ms,1,1
RPC call H5_APP_STORAGE_SET_ITEM timed out after 30953ms,1,1
RPC call H5_DEBUG timed out after 31117ms,1,1
RPC call H5_APP_STORAGE_SET_ITEM timed out after 338564ms,1,1
RPC call H5_DEBUG timed out after 4584414ms,1,1
RPC call H5_LOG_ANALYTICS_EVENT timed out after 48819ms,1,1
RPC call H5_APP_STORAGE_SET_ITEM timed out after 102389ms,1,1
RPC call H5_APP_STORAGE_SET_ITEM timed out after 41133ms,1,1
RPC call H5_LOG_ANALYTICS_EVENT timed out after 155237ms,1,1
RPC call H5_LOG_ANALYTICS_EVENT timed out after 4584414ms,1,1
RPC call H5_APP_STORAGE_SET_ITEM timed out after 151632ms,1,1
RPC call H5_APP_STORAGE_SET_ITEM timed out after 152158ms,1,1
RPC call H5_APP_STORAGE_SET_ITEM timed out after 207285ms,1,1
RPC call H5_APP_STORAGE_SET_ITEM timed out after 160928ms,1,1
RPC call H5_APP_STORAGE_SET_ITEM timed out after 10869212ms,1,1
RPC call H5_APP_STORAGE_SET_ITEM timed out after 11916263ms,1,1
RPC call H5_APP_STORAGE_SET_ITEM timed out after 11916920ms,1,1
RPC call H5_APP_STORAGE_SET_ITEM timed out after 30642ms,1,1
RPC call H5_DEBUG timed out after 87829ms,1,1
RPC call H5_LOG_ANALYTICS_EVENT timed out after 4584416ms,1,1
RPC call H5_DEBUG timed out after 183468ms,1,1
RPC call H5_DEBUG timed out after 4584395ms,1,1
RPC call H5_APP_STORAGE_SET_ITEM timed out after 30927ms,1,1
RPC call H5_DEBUG timed out after 156445ms,1,1
RPC call H5_APP_STORAGE_SET_ITEM timed out after 30305ms,1,1
RPC call H5_DEBUG timed out after 31108ms,1,1
RPC call H5_APP_STORAGE_SET_ITEM timed out after 30280ms,1,1
RPC call H5_DEBUG timed out after 156450ms,1,1
RPC call H5_APP_STORAGE_SET_ITEM timed out after 517039ms,1,1
RPC call H5_APP_STORAGE_SET_ITEM timed out after 30547ms,1,1
RPC call H5_LOG_ANALYTICS_EVENT timed out after 156446ms,1,1
RPC call H5_APP_STORAGE_SET_ITEM timed out after 30058ms,1,1
RPC call H5_APP_STORAGE_SET_ITEM timed out after 94516ms,1,1
RPC call H5_LOG_ANALYTICS_EVENT timed out after 48816ms,1,1
RPC call H5_APP_STORAGE_SET_ITEM timed out after 245302ms,1,1
RPC call H5_APP_STORAGE_SET_ITEM timed out after 30572ms,1,1
RPC call H5_APP_STORAGE_SET_ITEM timed out after 154488ms,1,1
RPC call H5_APP_STORAGE_SET_ITEM timed out after 158040ms,1,1
RPC call H5_APP_STORAGE_SET_ITEM timed out after 30699ms,1,1
RPC call H5_APP_STORAGE_SET_ITEM timed out after 30941ms,1,1
RPC call H5_APP_STORAGE_SET_ITEM timed out after 30844ms,1,1
RPC call H5_APP_STORAGE_SET_ITEM timed out after 30672ms,1,1
RPC call H5_LOG_ANALYTICS_EVENT timed out after 31120ms,1,1
RPC call H5_APP_STORAGE_SET_ITEM timed out after 172368ms,1,1
RPC call H5_LOG_ANALYTICS_EVENT timed out after 35220ms,1,1
RPC call H5_APP_STORAGE_SET_ITEM timed out after 30855ms,1,1
RPC call H5_LOG_ANALYTICS_EVENT timed out after 4584406ms,1,1
RPC call H5_APP_STORAGE_SET_ITEM timed out after 177859ms,1,1
RPC call H5_APP_STORAGE_SET_ITEM timed out after 153397ms,1,1
RPC call H5_APP_STORAGE_SET_ITEM timed out after 156902ms,1,1
RPC call H5_APP_STORAGE_SET_ITEM timed out after 120785ms,1,1
RPC call H5_APP_STORAGE_SET_ITEM timed out after 86494ms,1,1
Spread syntax requires ...iterable not be null or undefined,1,1
RPC call H5_DEBUG timed out after 156449ms,1,1
RPC call H5_LOG_ANALYTICS_EVENT timed out after 4584410ms,1,1
RPC call H5_DEBUG timed out after 4584407ms,1,1
RPC call H5_APP_STORAGE_SET_ITEM timed out after 166141ms,1,1
RPC call H5_LEADERBOARD_CREATE_SCORE_TOKEN timed out after 11914430ms,1,1
RPC call H5_LEADERBOARD_CREATE_SCORE_TOKEN timed out after 30000ms,1,1
RPC call H5_APP_STORAGE_SET_ITEM timed out after 30091ms,1,1
RPC call H5_APP_STORAGE_SET_ITEM timed out after 437679ms,1,1
RPC call H5_APP_STORAGE_GET_ITEM timed out after 433709ms,1,1
RPC call H5_DEBUG timed out after 4584412ms,1,1
RPC call H5_LOG_ANALYTICS_EVENT timed out after 31117ms,1,1
RPC call H5_APP_STORAGE_SET_ITEM timed out after 74096ms,1,1
RPC call H5_APP_STORAGE_SET_ITEM timed out after 94907ms,1,1
RPC call H5_APP_STORAGE_SET_ITEM timed out after 30241ms,1,1
RPC call H5_APP_STORAGE_SET_ITEM timed out after 163095ms,1,1
RPC call H5_APP_STORAGE_SET_ITEM timed out after 1724842ms,1,1
RPC call H5_APP_STORAGE_SET_ITEM timed out after 30445ms,1,1
RPC call H5_APP_STORAGE_SET_ITEM timed out after 39440ms,1,1
RPC call H5_APP_STORAGE_SET_ITEM timed out after 30976ms,1,1
RPC call H5_LOG_ANALYTICS_EVENT timed out after 30378ms,1,1
RPC call H5_APP_STORAGE_SET_ITEM timed out after 464206ms,1,1